Name,HP,Attack,Defence,Special Attack,Special Defence,Speed,Base Stat Total,HP_Pct,Attack_Pct,Def_Pct,SpAtk_Pct,SpDef_Pct,Speed_Pct,BST_Pct,Tier
Bulbasaur,45,49,49,65,65,45,318,17,18,22,54,50,29,25,Untiered
Ivysaur,60,62,63,80,80,60,405,42,36,44,70,72,49,44,Untiered
Venusaur,80,82,83,100,100,80,525,78,64,72,88,90,73,92,RU
Charmander,39,52,43,60,50,65,309,7,23,15,46,26,56,22,Untiered
Charmeleon,58,64,58,80,65,80,405,36,38,36,70,50,73,44,Untiered
Charizard,78,84,78,109,85,100,534,75,65,66,92,78,89,95,NU
Squirtle,44,48,65,50,64,43,314,14,18,48,31,47,26,24,Untiered
Wartortle,59,63,80,65,80,58,405,37,37,70,54,72,45,44,PU
Blastoise,79,83,100,85,105,78,530,76,65,87,75,92,71,94,RU
Caterpie,45,30,35,20,20,45,195,17,5,6,2,0,29,1,Untiered
Metapod,50,20,55,25,25,30,205,25,1,32,3,1,11,2,Untiered
Butterfree,60,45,50,90,80,70,395,42,15,25,79,72,63,41,PU
Weedle,40,35,30,20,20,50,195,10,7,3,2,0,35,1,Untiered
Kakuna,45,25,50,25,25,35,205,17,3,25,3,1,16,2,Untiered
Beedrill (Mega Beedrill),65,150,40,15,80,145,495,52,99,11,1,72,99,78,Untiered
Beedrill,65,90,40,45,80,75,395,52,73,11,25,72,69,41,PU
Pidgey,40,45,40,35,35,56,251,10,15,11,11,7,44,7,Untiered
Pidgeotto,63,60,55,50,50,71,349,48,33,32,31,26,66,34,Untiered
Pidgeot,83,80,75,70,70,101,479,81,60,63,61,58,90,67,PU
Rattata,30,56,35,25,35,72,253,3,30,6,3,7,66,7,Untiered
Rattata (Alolan Rattata),30,56,35,25,35,72,253,3,30,6,3,7,66,7,Untiered
Raticate,55,81,60,50,70,97,413,32,63,39,31,58,88,47,PU
Raticate (Alolan Raticate),75,71,70,40,80,77,413,71,51,56,17,72,70,47,Untiered
Spearow,40,60,30,31,31,70,262,10,33,3,8,5,63,8,Untiered
Fearow,65,90,65,61,61,100,442,52,73,48,49,45,89,55,PU
Ekans,35,60,44,40,54,55,288,5,33,15,17,31,41,13,Untiered
Arbok,60,95,69,65,79,80,448,42,78,52,54,69,73,55,PU
Pikachu,35,55,40,50,50,90,320,5,27,11,31,26,81,26,Untiered
Raichu (Alolan Raichu),60,85,50,95,85,110,485,42,67,25,83,78,94,72,Untiered
Raichu,60,90,55,90,80,110,485,42,73,32,79,72,94,72,PU
Sandshrew (Alolan Sandshrew),50,75,90,10,35,40,300,25,55,79,0,7,22,17,Untiered
Sandshrew,50,75,85,20,30,40,300,25,55,75,2,4,22,17,Untiered
Sandslash (Alolan Sandslash),75,100,120,25,65,65,450,71,82,94,3,50,56,56,Untiered
Sandslash,75,100,110,45,55,65,450,71,82,91,25,34,56,56,NU
Nidoran♀,55,47,52,40,40,41,275,32,17,29,17,12,24,10,Untiered
Nidorina,70,62,67,55,55,56,365,61,36,51,38,34,44,37,Untiered
Nidoqueen,90,92,87,75,85,76,505,87,75,77,66,78,70,84,UU
Nidoran♂,46,57,40,40,40,50,273,20,30,11,17,12,35,10,Untiered
Nidorino,61,72,57,55,55,65,365,47,51,35,38,34,56,37,Untiered
Nidoking,81,102,77,85,75,85,505,81,85,66,75,65,77,84,UU
Clefairy,70,45,48,60,65,35,323,61,15,21,46,50,16,27,PU
Clefable,95,70,73,95,90,60,483,90,48,61,83,83,49,70,OU
Vulpix,38,41,40,50,65,65,299,6,12,11,31,50,56,15,Untiered
Vulpix (Alolan Vulpix),38,41,40,50,65,65,299,6,12,11,31,50,56,15,Untiered
Ninetales (Alolan Ninetales),73,67,75,81,100,109,505,67,45,63,72,90,93,84,Untiered
Ninetales,73,76,75,81,100,100,505,67,57,63,72,90,89,84,PU
Jigglypuff,115,45,20,45,25,20,270,97,15,1,25,1,4,10,Untiered
Wigglytuff,140,70,45,85,50,45,435,99,48,18,75,26,29,53,PU
Zubat,40,45,35,30,40,55,245,10,15,6,6,12,41,6,Untiered
Golbat,75,80,70,65,75,90,455,71,60,56,54,65,81,58,RU
Oddish,45,50,55,75,65,30,320,17,20,32,66,50,11,26,Untiered
Gloom,60,65,70,85,75,40,395,42,41,56,75,65,22,41,Untiered
Vileplume,75,80,85,110,90,50,490,71,60,75,93,83,35,75,NU
Paras,35,70,55,45,55,25,285,5,48,32,25,34,6,12,Untiered
Parasect,60,95,80,60,80,30,405,42,78,70,46,72,11,44,PU
Venonat,60,55,50,40,55,45,305,42,27,25,17,34,29,20,Untiered
Venomoth,70,65,60,90,75,90,450,61,41,39,79,65,81,56,BL2
Diglett,10,55,25,35,45,95,265,0,27,2,11,18,86,9,Untiered
Diglett (Alolan Diglett),10,55,30,35,45,90,265,0,27,3,11,18,81,9,Untiered
Dugtrio,35,100,50,50,70,120,425,5,82,25,31,58,97,51,OU
Dugtrio (Alolan Dugtrio),35,100,60,50,70,110,425,5,82,39,31,58,94,51,Untiered
Meowth (Alolan Meowth),40,35,35,50,40,90,290,10,7,6,31,12,81,14,Untiered
Meowth,40,45,35,40,40,90,290,10,15,6,17,12,81,14,Untiered
Meowth (Galarian form),50,65,55,40,40,40,290,25,41,32,17,12,22,14,Untiered
Persian (Alolan Persian),65,60,60,75,65,115,440,52,33,39,66,50,96,54,Untiered
Persian,65,70,60,65,65,115,440,52,48,39,54,50,96,54,PU
Psyduck,50,52,48,65,50,55,320,25,23,21,54,26,41,26,Untiered
Golduck,80,82,78,95,80,85,500,78,64,66,83,72,77,82,PU
Mankey,40,80,35,35,45,70,305,10,60,6,11,18,63,20,Untiered
Primeape,65,105,60,60,70,95,455,52,86,39,46,58,86,58,NU
Growlithe,55,70,45,70,50,60,350,32,48,18,61,26,49,35,Untiered
Arcanine,90,110,80,100,80,95,555,87,89,70,88,72,86,99,UU
Poliwag,40,50,40,40,40,90,300,10,20,11,17,12,81,17,Untiered
Poliwhirl,65,65,65,50,50,90,385,52,41,48,31,26,81,40,Untiered
Poliwrath,90,95,95,70,90,70,510,87,78,83,61,83,63,86,NU
Abra,25,20,15,105,55,90,310,1,1,1,90,34,81,23,Untiered
Kadabra,40,35,30,120,70,105,400,10,7,3,96,58,92,42,PU
Alakazam,55,50,45,135,95,120,500,32,20,18,99,87,97,82,BL
Machop,70,80,50,35,35,35,305,61,60,25,11,7,16,20,Untiered
Machoke,80,100,70,50,60,45,405,78,82,56,31,42,29,44,BL4
Machamp,90,130,80,65,85,55,505,87,97,70,54,78,41,84,UU
Bellsprout,50,75,35,70,30,40,300,25,55,6,61,4,22,17,Untiered
Weepinbell,65,90,50,85,45,55,390,52,73,25,75,18,41,41,Untiered
Victreebel,80,105,65,100,70,70,490,78,86,48,88,58,63,75,BL4
Tentacool,40,40,35,50,100,70,335,10,11,6,31,90,63,31,Untiered
Tentacruel,80,70,65,80,120,100,515,78,48,48,70,97,89,88,UU
Geodude,40,80,100,30,30,20,300,10,60,87,6,4,4,17,Untiered
Geodude (Alolan Geodude),40,80,100,30,30,20,300,10,60,87,6,4,4,17,Untiered
Graveler,55,95,115,45,45,35,390,32,78,92,25,18,16,41,Untiered
Graveler (Alolan Graveler),55,95,115,45,45,35,390,32,78,92,25,18,16,41,Untiered
Golem (Alolan Golem),80,120,130,55,65,45,495,78,93,96,38,50,29,78,Untiered
Golem,80,120,130,55,65,45,495,78,93,96,38,50,29,78,PU
Ponyta,50,85,55,65,65,90,410,25,67,32,54,50,81,46,Untiered
Ponyta (Galarian form),50,85,55,65,65,90,410,25,67,32,54,50,81,46,Untiered
Rapidash,65,100,70,80,80,105,500,52,82,56,70,72,92,82,PU
Rapidash (Galarian form),65,100,70,80,80,105,500,52,82,56,70,72,92,82,Untiered
Slowpoke,90,65,65,40,40,15,315,87,41,48,17,12,2,24,Untiered
Slowpoke (Galarian form),90,65,65,40,40,15,315,87,41,48,17,12,2,24,Untiered
Slowbro,95,75,110,100,80,30,490,90,55,91,88,72,11,75,OU
Slowbro (Galarian form),95,100,95,100,70,30,490,90,82,83,88,58,11,75,Untiered
Magnemite,25,35,70,95,55,45,325,1,7,56,83,34,29,28,Untiered
Magneton,50,60,95,120,70,70,465,25,33,83,96,58,63,61,RU
Farfetch'd,52,90,55,58,62,60,377,29,73,32,42,46,49,39,PU
Farfetch'd (Galarian form),52,95,55,58,62,55,377,29,78,32,42,46,41,39,Untiered
Doduo,35,85,45,35,35,75,310,5,67,18,11,7,69,23,Untiered
Dodrio,60,110,70,60,60,110,470,42,89,56,46,42,94,63,PU
Seel,65,45,55,45,70,45,325,52,15,32,25,58,29,28,Untiered
Dewgong,90,70,80,70,95,70,475,87,48,70,61,87,63,65,PU
Grimer (Alolan Grimer),80,80,50,40,50,25,325,78,60,25,17,26,6,28,Untiered
Grimer,80,80,50,40,50,25,325,78,60,25,17,26,6,28,Untiered
Muk,105,105,75,65,100,50,500,95,86,63,54,90,35,82,PU
Muk (Alolan Muk),105,105,75,65,100,50,500,95,86,63,54,90,35,82,Untiered
Shellder,30,65,100,45,25,40,305,3,41,87,25,1,22,20,Untiered
Cloyster,50,95,180,85,45,70,525,25,78,99,75,18,63,92,UU
Gastly,30,35,30,100,35,80,310,3,7,3,88,7,73,23,Untiered
Haunter,45,50,45,115,55,95,405,17,20,18,95,34,86,44,NU
Gengar,60,65,60,130,75,110,500,42,41,39,98,65,94,82,OU
Onix,35,45,160,30,45,70,385,5,15,99,6,18,63,40,Untiered
Drowzee,60,48,45,43,90,42,328,42,18,18,22,83,25,29,Untiered
Hypno,85,73,70,73,115,67,483,83,52,56,64,96,59,70,PU
Krabby,30,105,90,25,25,50,325,3,86,79,3,1,35,28,Untiered
Kingler,55,130,115,50,50,75,475,32,97,92,31,26,69,65,PU
Voltorb,40,30,50,55,55,100,330,10,5,25,38,34,89,30,Untiered
Electrode,60,50,70,80,80,150,490,42,20,56,70,72,99,75,PU
Exeggcute,60,40,80,60,45,40,325,42,11,70,46,18,22,28,Untiered
Exeggutor,95,95,85,125,75,55,530,90,78,75,97,65,41,94,BL4
Exeggutor (Alolan Exeggutor),95,105,85,125,75,45,530,90,86,75,97,65,29,94,Untiered
Cubone,50,50,95,40,50,35,320,25,20,83,17,26,16,26,Untiered
Marowak,60,80,110,50,80,45,425,42,60,91,31,72,29,51,PU
Marowak (Alolan Marowak),60,80,110,50,80,45,425,42,60,91,31,72,29,51,Untiered
Hitmonlee,50,120,53,35,110,87,455,25,93,29,11,94,80,58,RU
Hitmonchan,50,105,79,35,110,76,455,25,86,67,11,94,70,58,NU
Lickitung,90,55,75,60,75,30,385,87,27,63,46,65,11,40,Untiered
Koffing,40,65,95,60,45,35,340,10,41,83,46,18,16,33,Untiered
Weezing,65,90,120,85,70,60,490,52,73,94,75,58,49,75,NU
Weezing (Galarian form),65,90,120,85,70,60,490,52,73,94,75,58,49,75,Untiered
Rhyhorn,80,85,95,30,30,25,345,78,67,83,6,4,6,33,Untiered
Rhydon,105,130,120,45,45,40,485,95,97,94,25,18,22,72,NU
Chansey,250,5,5,35,105,50,450,99,0,0,11,92,35,56,OU
Tangela,65,55,115,100,40,60,435,52,27,92,88,12,49,53,PU
Kangaskhan,105,95,80,40,80,90,490,95,78,70,17,72,81,75,NU
Horsea,30,40,70,70,25,60,295,3,11,56,61,1,49,15,Untiered
Seadra,55,65,95,95,45,85,440,32,41,83,83,18,77,54,Untiered
Goldeen,45,67,60,35,50,63,320,17,45,39,11,26,52,26,Untiered
Seaking,80,92,65,65,80,68,450,78,75,48,54,72,60,56,PU
Staryu,30,45,55,70,55,85,340,3,15,32,61,34,77,33,Untiered
Starmie,60,75,85,100,85,115,520,42,55,75,88,78,96,90,OU
Mr. Mime (Galarian form),50,65,65,90,90,100,460,25,41,48,79,83,89,60,Untiered
Mr. Mime,40,45,65,100,120,90,460,10,15,48,88,97,81,60,PU
Scyther,70,110,80,55,80,105,500,61,89,70,38,72,92,82,NU
Jynx,65,50,35,115,95,95,455,52,20,6,95,87,86,58,NU
Electabuzz,65,83,57,95,85,105,490,52,65,35,83,78,92,75,Untiered
Magmar,65,95,57,100,85,93,495,52,78,35,88,78,84,78,Untiered
Pinsir,65,125,100,55,70,85,500,52,95,87,38,58,77,82,NU
Tauros,75,100,95,40,70,110,490,71,82,83,17,58,94,75,NU
Magikarp,20,10,55,15,20,80,200,1,0,32,1,0,73,2,Untiered
Gyarados,95,125,79,60,100,81,540,90,95,67,46,90,75,98,UU
Lapras,130,85,80,85,95,60,535,98,67,70,75,87,49,96,PU
Ditto,48,48,48,48,48,48,288,20,18,21,27,21,32,13,PU
Eevee,55,55,50,45,65,55,325,32,27,25,25,50,41,28,Untiered
Vaporeon,130,65,60,110,95,65,525,98,41,39,93,87,56,92,UU
Jolteon,65,65,60,110,95,130,525,52,41,39,93,87,99,92,RU
Flareon,65,130,60,95,110,65,525,52,97,39,83,94,56,92,PU
Porygon,65,60,70,85,75,40,395,52,33,56,75,65,22,41,Untiered
Omanyte,35,40,100,90,55,35,355,5,11,87,79,34,16,36,Untiered
Omastar,70,60,125,115,70,55,495,61,33,95,95,58,41,78,NU
Kabuto,30,80,90,55,45,55,355,3,60,79,38,18,41,36,Untiered
Kabutops,60,115,105,65,70,80,495,42,90,89,54,58,73,78,NU
Aerodactyl,80,105,65,60,75,130,515,78,86,48,46,65,99,88,RU
Snorlax,160,110,65,65,110,30,540,99,89,48,54,94,11,98,UU
Dratini,41,64,45,50,50,50,300,13,38,18,31,26,35,17,Untiered
Dragonair,61,84,65,70,70,70,420,47,65,48,61,58,63,49,PU
Chikorita,45,49,65,49,65,45,318,17,18,48,28,50,29,25,Untiered
Bayleef,60,62,80,63,80,60,405,42,36,70,51,72,49,44,Untiered
Meganium,80,82,100,83,100,80,525,78,64,87,73,90,73,92,PU
Cyndaquil,39,52,43,60,50,65,309,7,23,15,46,26,56,22,Untiered
Quilava,58,64,58,80,65,80,405,36,38,36,70,50,73,44,Untiered
Typhlosion,78,84,78,109,85,100,534,75,65,66,92,78,89,95,RU
Totodile,50,65,64,44,48,43,314,25,41,45,22,21,26,24,Untiered
Croconaw,65,80,80,59,63,58,405,52,60,70,42,47,45,44,Untiered
Feraligatr,85,105,100,79,83,78,530,83,86,87,68,76,71,94,UU
Sentret,35,46,34,35,45,20,215,5,17,5,11,18,4,3,Untiered
Furret,85,76,64,45,55,90,415,83,57,45,25,34,81,48,PU
Hoothoot,60,30,30,36,56,50,262,42,5,3,12,37,35,8,Untiered
Noctowl,100,50,50,86,96,70,452,93,20,25,77,88,63,56,PU
Ledyba,40,20,30,40,80,55,265,10,1,3,17,72,41,9,Untiered
Ledian,55,35,50,55,110,85,390,32,7,25,38,94,77,41,PU
Spinarak,40,60,40,40,40,30,250,10,33,11,17,12,11,6,Untiered
Ariados,70,90,70,60,70,40,400,61,73,56,46,58,22,42,PU
Crobat,85,90,80,70,80,130,535,83,73,70,61,72,99,96,UU
Chinchou,75,38,38,56,56,67,330,71,9,8,41,37,59,30,Untiered
Lanturn,125,58,58,76,76,67,460,98,30,36,67,68,59,60,NU
Pichu,20,40,15,35,35,60,205,1,11,1,11,7,49,2,Untiered
Cleffa,50,25,28,45,55,15,218,25,3,2,25,34,2,3,Untiered
Igglybuff,90,30,15,40,20,15,210,87,5,1,17,0,2,3,Untiered
Togepi,35,20,65,40,65,20,245,5,1,48,17,50,4,6,Untiered
Togetic,55,40,85,80,105,40,405,32,11,75,70,92,22,44,RU
Natu,40,50,45,70,45,70,320,10,20,18,61,18,63,26,Untiered
Xatu,65,75,70,95,70,95,470,52,55,56,83,58,86,63,NU
Mareep,55,40,40,65,45,35,280,32,11,11,54,18,16,11,Untiered
Flaaffy,70,55,55,80,60,45,365,61,27,32,70,42,29,37,Untiered
Ampharos,90,75,85,115,90,55,510,87,55,75,95,83,41,86,PU
Bellossom,75,80,95,90,100,50,490,71,60,83,79,90,35,75,PU
Marill,70,20,50,20,50,40,250,61,1,25,2,26,22,6,Untiered
Azumarill,100,50,80,60,80,50,420,93,20,70,46,72,35,49,OU
Sudowoodo,70,100,115,30,65,30,410,61,82,92,6,50,11,46,PU
Politoed,90,75,75,90,100,70,500,87,55,63,79,90,63,82,PU
Hoppip,35,35,40,35,55,50,250,5,7,11,11,34,35,6,Untiered
Skiploom,55,45,50,45,65,80,340,32,15,25,25,50,73,33,Untiered
Jumpluff,75,55,70,55,95,110,460,71,27,56,38,87,94,60,PU
Aipom,55,70,55,40,55,85,360,32,48,32,17,34,77,36,Untiered
Sunkern,30,30,30,30,30,30,180,3,5,3,6,4,11,1,Untiered
Sunflora,75,75,55,105,85,30,425,71,55,32,90,78,11,51,PU
Yanma,65,65,45,75,45,95,390,52,41,18,66,18,86,41,Untiered
Wooper,55,45,45,25,25,15,210,32,15,18,3,1,2,3,Untiered
Quagsire,95,85,85,65,65,35,430,90,67,75,54,50,16,52,PU
Espeon,65,65,60,130,95,110,525,52,41,39,98,87,94,92,UU
Umbreon,95,65,110,60,130,65,525,90,41,91,46,98,56,92,UU
Murkrow,60,85,42,85,42,91,405,42,67,14,75,15,83,44,PU
Slowking,95,75,80,100,110,30,490,90,55,70,88,94,11,75,RU
Misdreavus,60,60,60,85,85,85,435,42,33,39,75,78,77,53,PU
Unown,48,72,48,72,48,48,336,20,51,21,63,21,32,32,PU
Wobbuffet,190,33,58,33,58,33,405,99,6,36,9,38,14,44,PU
Girafarig,70,80,65,90,65,85,455,61,60,48,79,50,77,58,PU
Pineco,50,65,90,35,35,15,290,25,41,79,11,7,2,14,Untiered
Forretress,75,90,140,60,60,40,465,71,73,98,46,42,22,61,UU
Dunsparce,100,70,70,65,65,45,415,93,48,56,54,50,29,48,PU
Gligar,65,75,105,35,65,85,430,52,55,89,11,50,77,52,UU
Steelix,75,85,200,55,65,30,510,71,67,99,38,50,11,86,NU
Snubbull,60,80,50,40,40,30,300,42,60,25,17,12,11,17,Untiered
Granbull,90,120,75,60,60,45,450,87,93,63,46,42,29,56,RU
Qwilfish,65,95,85,55,55,85,440,52,78,75,38,34,77,54,RU
Scizor,70,130,100,55,80,65,500,61,97,87,38,72,56,82,OU
Shuckle,20,10,230,10,230,5,505,1,0,100,0,100,0,84,BL2
Heracross,80,125,75,40,95,85,500,78,95,63,17,87,77,82,UU
Sneasel,55,95,55,35,75,115,430,32,78,32,11,65,96,52,RU
Teddiursa,60,80,50,50,50,40,330,42,60,25,31,26,22,30,Untiered
Ursaring,90,130,75,75,75,55,500,87,97,63,66,65,41,82,PU
Slugma,40,40,40,70,40,20,250,10,11,11,61,12,4,6,Untiered
Magcargo,60,50,120,90,80,30,430,42,20,94,79,72,11,52,PU
Swinub,50,50,40,30,30,50,250,25,20,11,6,4,35,6,Untiered
Piloswine,100,100,80,60,60,50,450,93,82,70,46,42,35,56,NU
Corsola,65,55,95,65,95,35,410,52,27,83,54,87,16,46,PU
Corsola (Galarian form),60,55,100,65,100,30,410,42,27,87,54,90,11,46,Untiered
Remoraid,35,65,35,65,35,65,300,5,41,6,54,7,56,17,Untiered
Octillery,75,105,75,105,75,45,480,71,86,63,90,65,29,68,PU
Delibird,45,55,45,65,45,75,330,17,27,18,54,18,69,30,PU
Mantine,85,40,70,80,140,70,485,83,11,56,70,99,63,72,NU
Skarmory,65,80,140,40,70,70,465,52,60,98,17,58,63,61,OU
Houndour,45,60,30,80,50,65,330,17,33,3,70,26,56,30,Untiered
Houndoom,75,90,50,110,80,95,500,71,73,25,93,72,86,82,RU
Kingdra,75,95,95,95,95,85,540,71,78,83,83,87,77,98,BL2
Phanpy,90,60,60,40,40,40,330,87,33,39,17,12,22,30,Untiered
Donphan,90,120,120,60,60,50,500,87,93,94,46,42,35,82,UU
Porygon2,85,80,90,105,95,60,515,83,60,79,90,87,49,88,UU
Stantler,73,95,62,85,65,85,465,67,78,43,75,50,77,61,PU
Smeargle,55,20,35,20,45,75,250,32,1,6,2,18,69,6,PU
Tyrogue,35,35,35,35,35,35,210,5,7,6,11,7,16,3,Untiered
Hitmontop,50,95,95,35,110,70,455,25,78,83,11,94,63,58,RU
Smoochum,45,30,15,85,65,65,305,17,5,1,75,50,56,20,Untiered
Elekid,45,63,37,65,55,95,360,17,37,8,54,34,86,36,Untiered
Magby,45,75,37,70,55,83,365,17,55,8,61,34,75,37,Untiered
Miltank,95,80,105,40,70,100,490,90,60,89,17,58,89,75,NU
Blissey,255,10,10,75,135,55,540,100,0,0,66,98,41,98,UU
Larvitar,50,64,50,45,50,41,300,25,38,25,25,26,24,17,Untiered
Pupitar,70,84,70,65,70,51,410,61,65,56,54,58,39,46,Untiered
Treecko,40,45,35,65,55,70,310,10,15,6,54,34,63,23,Untiered
Grovyle,50,65,45,85,65,95,405,25,41,18,75,50,86,44,Untiered
Sceptile,70,85,65,105,85,120,530,61,67,48,90,78,97,94,BL3
Torchic,45,60,40,70,50,45,310,17,33,11,61,26,29,23,Untiered
Combusken,60,85,60,85,60,55,405,42,67,39,75,42,41,44,PU
Blaziken,80,120,70,110,70,80,530,78,93,56,93,58,73,94,Uber
Mudkip,50,70,50,50,50,40,310,25,48,25,31,26,22,23,Untiered
Marshtomp,70,85,70,60,70,50,405,61,67,56,46,58,35,44,Untiered
Swampert,100,110,90,85,90,60,535,93,89,79,75,83,49,96,UU
Poochyena,35,55,35,30,30,35,220,5,27,6,6,4,16,3,Untiered
Mightyena,70,90,70,60,60,70,420,61,73,56,46,42,63,49,PU
Zigzagoon (Galarian form),38,30,41,30,41,60,240,6,5,14,6,14,49,5,Untiered
Zigzagoon,38,30,41,30,41,60,240,6,5,14,6,14,49,5,Untiered
Linoone,78,70,61,50,61,100,420,75,48,43,31,45,89,49,BL4
Linoone (Galarian form),78,70,61,50,61,100,420,75,48,43,31,45,89,49,Untiered
Wurmple,45,45,35,20,30,20,195,17,15,6,2,4,4,1,Untiered
Silcoon,50,35,55,25,25,15,205,25,7,32,3,1,2,2,Untiered
Beautifly,60,70,50,100,50,65,395,42,48,25,88,26,56,41,PU
Cascoon,50,35,55,25,25,15,205,25,7,32,3,1,2,2,Untiered
Dustox,60,50,70,50,90,65,385,42,20,56,31,83,56,40,PU
Lotad,40,30,30,40,50,30,220,10,5,3,17,26,11,3,Untiered
Lombre,60,50,50,60,70,50,340,42,20,25,46,58,35,33,Untiered
Ludicolo,80,70,70,90,100,70,480,78,48,56,79,90,63,68,NU
Seedot,40,40,50,30,30,30,220,10,11,25,6,4,11,3,Untiered
Nuzleaf,70,70,40,60,40,60,340,61,48,11,46,12,49,33,Untiered
Shiftry,90,100,60,90,60,80,480,87,82,39,79,42,73,68,NU
Taillow,40,55,30,30,30,85,270,10,27,3,6,4,77,10,Untiered
Swellow,60,85,60,75,50,125,455,42,67,39,66,26,98,58,NU
Wingull,40,30,30,55,30,85,270,10,5,3,38,4,77,10,Untiered
Pelipper,60,50,100,95,70,65,440,42,20,87,83,58,56,54,PU
Ralts,28,25,25,45,35,40,198,2,3,2,25,7,22,2,Untiered
Kirlia,38,35,35,65,55,50,278,6,7,6,54,34,35,11,Untiered
Gardevoir,68,65,65,125,115,80,518,57,41,48,97,96,73,89,UU
Surskit,40,30,32,50,52,65,269,10,5,4,31,30,56,9,Untiered
Masquerain,70,60,62,100,82,80,454,61,33,43,88,75,73,57,PU
Shroomish,60,40,60,40,60,35,295,42,11,39,17,42,16,15,Untiered
Breloom,60,130,80,60,60,70,460,42,97,70,46,42,63,60,OU
Slakoth,60,60,60,35,35,30,280,42,33,39,11,7,11,11,Untiered
Vigoroth,80,80,80,55,55,90,440,78,60,70,38,34,81,54,BL4
Nincada,31,45,90,30,30,40,266,3,15,79,6,4,22,9,Untiered
Ninjask,61,90,45,50,50,160,456,47,73,18,31,26,100,59,PU
Shedinja,1,90,45,30,30,40,236,0,73,18,6,4,22,4,PU
Whismur,64,51,23,51,23,28,240,48,23,1,34,1,7,5,Untiered
Loudred,84,71,43,71,43,48,360,81,51,15,63,15,32,36,Untiered
Exploud,104,91,63,91,73,68,490,94,75,44,81,62,60,75,RU
Makuhita,72,60,30,20,30,25,237,66,33,3,2,4,6,4,Untiered
Hariyama,144,120,60,40,60,50,474,99,93,39,17,42,35,64,NU
Azurill,50,20,40,20,40,20,190,25,1,11,2,12,4,1,Untiered
Nosepass,30,45,135,45,90,30,375,3,15,97,25,83,11,39,Untiered
Skitty,50,45,45,35,35,50,260,25,15,18,11,7,35,8,Untiered
Delcatty,70,65,65,55,55,90,400,61,41,48,38,34,81,42,PU
Sableye,50,75,75,65,65,50,380,25,55,63,54,50,35,39,BL2
Sableye (Mega Sableye),50,85,125,85,115,20,480,25,67,95,75,96,4,68,Untiered
Mawile (Mega Mawile),50,105,125,55,95,50,480,25,86,95,38,87,35,68,Untiered
Mawile,50,85,85,55,55,50,380,25,67,75,38,34,35,39,PU
Aron,50,70,100,40,40,30,330,25,48,87,17,12,11,30,Untiered
Lairon,60,90,140,50,50,40,430,42,73,98,31,26,22,52,Untiered
Aggron,70,110,180,60,60,50,530,61,89,99,46,42,35,94,NU
Meditite,30,40,55,40,55,60,280,3,11,32,17,34,49,11,Untiered
Medicham (Mega Medicham),60,100,85,80,85,100,510,42,82,75,70,78,89,86,Untiered
Medicham,60,60,75,60,75,80,410,42,33,63,46,65,73,46,RU
Electrike,40,45,40,65,40,65,295,10,15,11,54,12,56,15,Untiered
Manectric,70,75,60,105,60,105,475,61,55,39,90,42,92,65,NU
Plusle,60,50,40,85,75,95,405,42,20,11,75,65,86,44,PU
Minun,60,40,50,75,85,95,405,42,11,25,66,78,86,44,PU
Volbeat,65,73,75,47,85,85,430,52,52,63,27,78,77,52,PU
Illumise,65,47,75,73,85,85,430,52,17,63,64,78,77,52,PU
Roselia,50,60,45,100,80,65,400,25,33,18,88,72,56,42,PU
Gulpin,70,43,53,43,53,40,302,61,13,29,22,31,22,18,Untiered
Swalot,100,73,83,73,83,55,467,93,52,72,64,76,41,62,PU
Carvanha,45,90,20,65,20,65,305,17,73,1,54,0,56,20,Untiered
Sharpedo (Mega Sharpedo),70,140,70,110,65,105,560,61,99,56,93,50,92,100,Untiered
Sharpedo,70,120,40,95,40,95,460,61,93,11,83,12,86,60,BL2
Wailmer,130,70,35,70,35,60,400,98,48,6,61,7,49,42,Untiered
Wailord,170,90,45,90,45,60,500,99,73,18,79,18,49,82,PU
Numel,60,60,40,65,45,35,305,42,33,11,54,18,16,20,Untiered
Camerupt,70,100,70,105,75,40,460,61,82,56,90,65,22,60,PU
Camerupt (Mega Camerupt),70,120,100,145,105,20,560,61,93,87,99,92,4,100,Untiered
Torkoal,70,85,140,85,70,20,470,61,67,98,75,58,4,63,PU
Spoink,60,25,35,70,80,60,330,42,3,6,61,72,49,30,Untiered
Grumpig,80,45,65,90,110,80,470,78,15,48,79,94,73,63,PU
Spinda,60,60,60,60,60,60,360,42,33,39,46,42,49,36,PU
Trapinch,45,100,45,45,45,10,290,17,82,18,25,18,1,14,Untiered
Vibrava,50,70,50,50,50,70,340,25,48,25,31,26,63,33,PU
Flygon,80,100,80,80,80,100,520,78,82,70,70,72,89,90,RU
Cacnea,50,85,40,85,40,35,335,25,67,11,75,12,16,31,Untiered
Cacturne,70,115,60,115,60,55,475,61,90,39,95,42,41,65,PU
Swablu,45,40,60,40,75,50,310,17,11,39,17,65,35,23,Untiered
Altaria,75,70,90,70,105,80,490,71,48,79,61,92,73,75,PU
Zangoose,73,115,60,60,60,90,458,67,90,39,46,42,81,59,NU
Seviper,73,100,60,100,60,65,458,67,82,39,88,42,56,59,PU
Lunatone,90,55,65,95,85,70,460,87,27,48,83,78,63,60,PU
Solrock,90,95,85,55,65,70,460,87,78,75,38,50,63,60,PU
Barboach,50,48,43,46,41,60,288,25,18,15,27,14,49,13,Untiered
Whiscash,110,78,73,76,71,60,468,96,58,61,67,62,49,62,PU
Corphish,43,80,65,50,35,35,308,14,60,48,31,7,16,21,Untiered
Crawdaunt,63,120,85,90,55,55,468,48,93,75,79,34,41,62,UU
Baltoy,40,40,55,40,70,55,300,10,11,32,17,58,41,17,Untiered
Claydol,60,70,105,70,120,75,500,42,48,89,61,97,69,82,NU
Lileep,66,41,77,61,87,23,355,55,12,66,49,81,5,36,Untiered
Cradily,86,81,97,81,107,43,495,85,63,85,72,93,26,78,NU
Anorith,45,95,50,40,50,75,355,17,78,25,17,26,69,36,Untiered
Armaldo,75,125,100,70,80,45,495,71,95,87,61,72,29,78,PU
Feebas,20,15,20,10,55,80,200,1,1,1,0,34,73,2,Untiered
Milotic,95,60,79,100,125,81,540,90,33,67,88,97,75,98,UU
Castform,70,70,70,70,70,70,420,61,48,56,61,58,63,49,PU
Castform (Snowy),70,70,70,70,70,70,420,61,48,56,61,58,63,49,Untiered
Castform (Rainy),70,70,70,70,70,70,420,61,48,56,61,58,63,49,Untiered
Castform (Sunny),70,70,70,70,70,70,420,61,48,56,61,58,63,49,Untiered
Kecleon,60,90,70,60,120,40,440,42,73,56,46,97,22,54,NU
Shuppet,44,75,35,63,33,45,295,14,55,6,51,5,29,15,Untiered
Banette (Mega Banette),64,165,75,93,83,75,555,48,100,63,81,76,69,99,Untiered
Banette,64,115,65,83,63,65,455,48,90,48,73,47,56,58,PU
Duskull,20,40,90,30,90,25,295,1,11,79,6,83,6,15,Untiered
Dusclops,40,70,130,60,130,25,455,10,48,96,46,98,6,58,PU
Tropius,99,68,83,72,87,51,460,92,45,72,63,81,39,60,PU
Chimecho,75,50,80,95,90,65,455,71,20,70,83,83,56,58,PU
Absol (Mega Absol),65,150,60,115,60,115,565,52,99,39,95,42,96,100,Untiered
Absol,65,130,60,75,60,75,465,52,97,39,66,42,69,61,RU
Wynaut,95,23,48,23,48,23,260,90,2,21,2,21,5,8,Untiered
Snorunt,50,50,50,50,50,50,300,25,20,25,31,26,35,17,Untiered
Glalie,80,80,80,80,80,80,480,78,60,70,70,72,73,68,PU
Spheal,70,40,50,55,50,25,290,61,11,25,38,26,6,14,Untiered
Sealeo,90,60,70,75,70,45,410,87,33,56,66,58,29,46,Untiered
Walrein,110,80,90,95,90,65,530,96,60,79,83,83,56,94,PU
Clamperl,35,64,85,74,55,32,345,5,38,75,64,34,14,33,Untiered
Huntail,55,104,105,94,75,52,485,32,85,89,81,65,39,72,PU
Gorebyss,55,84,105,114,75,52,485,32,65,89,94,65,39,72,PU
Relicanth,100,90,130,45,65,55,485,93,73,96,25,50,41,72,PU
Luvdisc,43,30,55,40,65,97,330,14,5,32,17,50,88,30,PU
Bagon,45,75,60,40,30,50,300,17,55,39,17,4,35,17,Untiered
Shelgon,65,95,100,60,50,50,420,52,78,87,46,26,35,49,Untiered
Beldum,40,55,80,35,60,30,300,10,27,70,11,42,11,17,Untiered
Metang,60,75,100,55,80,50,420,42,55,87,38,72,35,49,PU
Turtwig,55,68,64,45,55,31,318,32,45,45,25,34,13,25,Untiered
Grotle,75,89,85,55,65,36,405,71,70,75,38,50,18,44,Untiered
Torterra,95,109,105,75,85,56,525,90,88,89,66,78,44,92,NU
Chimchar,44,58,44,58,44,61,309,14,30,15,42,16,52,22,Untiered
Monferno,64,78,52,78,52,81,405,48,58,29,68,30,75,44,PU
Infernape,76,104,71,104,71,108,534,74,85,60,89,62,93,95,UU
Piplup,53,51,53,61,56,40,314,30,23,29,49,37,22,24,Untiered
Prinplup,64,66,68,81,76,50,405,48,44,52,72,68,35,44,PU
Empoleon,84,86,88,111,101,60,530,81,70,77,94,91,49,94,UU
Starly,40,55,30,30,30,60,245,10,27,3,6,4,49,6,Untiered
Staravia,55,75,50,40,40,80,340,32,55,25,17,12,73,33,Untiered
Staraptor,85,120,70,50,60,100,485,83,93,56,31,42,89,72,BL
Bidoof,59,45,40,35,40,31,250,37,15,11,11,12,13,6,Untiered
Bibarel,79,85,60,55,60,71,410,76,67,39,38,42,66,46,PU
Kricketot,37,25,41,25,41,25,194,6,3,14,3,14,6,1,Untiered
Kricketune,77,85,51,55,51,65,384,74,67,28,38,30,56,39,PU
Shinx,45,65,34,40,34,45,263,17,41,5,17,5,29,8,Untiered
Luxio,60,85,49,60,49,60,363,42,67,22,46,22,49,37,Untiered
Luxray,80,120,79,95,79,70,523,78,93,67,83,69,63,91,PU
Budew,40,30,35,50,70,55,280,10,5,6,31,58,41,11,Untiered
Roserade,60,70,65,125,105,90,515,42,48,48,97,92,81,88,UU
Cranidos,67,125,40,30,30,58,350,56,95,11,6,4,45,35,Untiered
Rampardos,97,165,60,65,50,58,495,91,100,39,54,26,45,78,PU
Shieldon,30,42,118,42,88,30,350,3,13,93,21,81,11,35,Untiered
Bastiodon,60,52,168,47,138,30,495,42,23,99,27,99,11,78,PU
Burmy,40,29,45,29,45,36,224,10,4,18,5,18,18,4,Untiered
Wormadam (Sandy Cloak),60,79,105,59,85,36,424,42,58,89,42,78,18,51,Untiered
Wormadam (Plant Cloak),60,59,85,79,105,36,424,42,31,75,68,92,18,51,Untiered
Wormadam (Trash Cloak),60,69,95,69,95,36,424,42,46,83,58,87,18,51,Untiered
Mothim,70,94,50,94,50,66,424,61,76,25,81,26,59,51,PU
Combee,30,30,42,30,42,70,244,3,5,14,6,15,63,5,Untiered
Vespiquen,70,80,102,80,102,40,474,61,60,88,70,91,22,64,PU
Pachirisu,60,45,70,45,90,95,405,42,15,56,25,83,86,44,PU
Buizel,55,65,35,60,30,85,330,32,41,6,46,4,77,30,Untiered
Floatzel,85,105,55,85,50,115,495,83,86,32,75,26,96,78,PU
Cherubi,45,35,45,62,53,35,275,17,7,18,50,31,16,10,Untiered
Cherrim,70,60,70,87,78,85,450,61,33,56,77,68,77,56,PU
Shellos,76,48,48,57,62,34,325,74,18,21,41,46,14,28,Untiered
Gastrodon,111,83,68,92,82,39,475,97,65,52,81,75,19,65,NU
Ambipom,75,100,66,60,66,115,482,71,82,51,46,54,96,70,RU
Drifloon,90,50,34,60,44,70,348,87,20,5,46,16,63,34,Untiered
Drifblim,150,80,44,90,54,80,498,99,60,15,79,31,73,80,PU
Buneary,55,66,44,44,56,85,350,32,44,15,22,37,77,35,Untiered
Lopunny,65,76,84,54,96,105,480,52,57,73,35,88,92,68,PU
Mismagius,60,60,60,105,105,105,495,42,33,39,90,92,92,78,NU
Honchkrow,100,125,52,105,52,71,505,93,95,29,90,30,66,84,BL2
Glameow,49,55,42,42,37,85,310,21,27,14,21,9,77,23,Untiered
Purugly,71,82,64,64,59,112,452,65,64,45,51,38,95,56,PU
Chingling,45,30,50,65,50,45,285,17,5,25,54,26,29,12,Untiered
Stunky,63,63,47,41,41,74,329,48,37,20,21,14,67,29,Untiered
Skuntank,103,93,67,71,61,84,479,94,75,51,63,45,76,67,NU
Bronzor,57,24,86,24,86,23,300,35,2,77,2,80,5,17,Untiered
Bronzong,67,89,116,79,116,33,500,56,70,93,68,96,14,82,RU
Bonsly,50,80,95,10,45,10,290,25,60,83,0,18,1,14,Untiered
Mime Jr.,20,25,45,70,90,60,310,1,3,18,61,83,49,23,Untiered
Happiny,100,5,5,15,65,30,220,93,0,0,1,50,11,3,Untiered
Chatot,76,65,45,92,42,91,411,74,41,18,81,15,83,47,PU
Spiritomb,50,92,108,92,108,35,485,25,75,91,81,94,16,72,RU
Gible,58,70,45,40,45,42,300,36,48,18,17,18,25,17,Untiered
Gabite,68,90,65,50,55,82,410,57,73,48,31,34,75,46,PU
Munchlax,135,85,40,40,85,5,390,99,67,11,17,78,0,41,Untiered
Riolu,40,70,40,35,40,60,285,10,48,11,11,12,49,12,Untiered
Lucario,70,110,70,115,70,90,525,61,89,56,95,58,81,92,UU
Hippopotas,68,72,78,38,42,32,330,57,51,66,13,15,14,30,Untiered
Hippowdon,108,112,118,68,72,47,525,95,90,93,58,62,31,92,OU
Skorupi,40,50,90,30,55,65,330,10,20,79,6,34,56,30,Untiered
Drapion,70,90,110,60,75,95,500,61,73,91,46,65,86,82,RU
Croagunk,48,61,40,61,40,50,300,20,36,11,49,12,35,17,Untiered
Toxicroak,83,106,65,86,65,85,490,81,87,48,77,50,77,75,UU
Carnivine,74,100,72,90,72,46,454,67,82,61,79,62,31,57,PU
Finneon,49,49,56,49,61,66,330,21,18,35,28,45,59,30,Untiered
Lumineon,69,69,76,69,86,91,460,57,46,65,58,80,83,60,PU
Mantyke,45,20,50,60,120,50,345,17,1,25,46,97,35,33,Untiered
Snover,60,62,50,62,60,40,334,42,36,25,50,42,22,31,Untiered
Abomasnow,90,92,75,92,85,60,494,87,75,63,81,78,49,77,NU
Weavile,70,120,65,45,85,125,510,61,93,48,25,78,98,86,OU
Magnezone,70,70,115,130,90,60,535,61,48,92,98,83,49,96,OU
Lickilicky,110,85,95,80,95,50,515,96,67,83,70,87,35,88,PU
Rhyperior,115,140,130,55,55,40,535,97,99,96,38,34,22,96,RU
Tangrowth,100,100,125,110,50,50,535,93,82,95,93,26,35,96,OU
Electivire,75,123,67,95,85,95,540,71,94,51,83,78,86,98,NU
Magmortar,75,95,67,125,95,83,540,71,78,51,97,87,75,98,NU
Togekiss,85,50,95,120,115,80,545,83,20,83,96,96,73,99,BL
Yanmega,86,76,86,116,56,95,515,85,57,77,95,37,86,88,BL2
Leafeon,65,110,130,60,65,95,525,52,89,96,46,50,86,92,PU
Glaceon,65,60,110,130,95,65,525,52,33,91,98,87,56,92,PU
Gliscor,75,95,125,45,75,95,510,71,78,95,25,65,86,86,OU
Mamoswine,110,130,80,70,60,80,530,96,97,70,61,42,73,94,UU
Porygon-Z,85,80,70,135,75,90,535,83,60,56,99,65,81,96,UU
Gallade,68,125,65,65,115,80,518,57,95,48,54,96,73,89,RU
Probopass,60,55,145,75,150,40,525,42,27,98,66,99,22,92,PU
Dusknoir,45,100,135,65,135,45,525,17,82,97,54,98,29,92,PU
Froslass,70,80,70,80,70,110,480,61,60,56,70,58,94,68,BL2
Rotom,50,50,77,95,77,91,440,25,20,66,83,68,83,54,NU
Rotom (Wash),50,65,107,105,107,86,520,25,41,90,90,93,79,90,Untiered
Rotom (Heat),50,65,107,105,107,86,520,25,41,90,90,93,79,90,Untiered
Rotom (Mow),50,65,107,105,107,86,520,25,41,90,90,93,79,90,Untiered
Rotom (Fan),50,65,107,105,107,86,520,25,41,90,90,93,79,90,Untiered
Rotom (Frost),50,65,107,105,107,86,520,25,41,90,90,93,79,90,Untiered
Phione,80,80,80,80,80,80,480,78,60,70,70,72,73,68,PU
Snivy,45,45,55,45,55,63,308,17,15,32,25,34,52,21,Untiered
Servine,60,60,75,60,75,83,413,42,33,63,46,65,75,47,PU
Serperior,75,75,95,75,95,113,528,71,55,83,66,87,95,93,OU
Tepig,65,63,45,45,45,45,308,52,37,18,25,18,29,21,Untiered
Pignite,90,93,55,70,55,55,418,87,75,32,61,34,41,48,Untiered
Emboar,110,123,65,100,65,65,528,96,94,48,88,50,56,93,RU
Oshawott,55,55,45,63,45,45,308,32,27,18,51,18,29,21,Untiered
Dewott,75,75,60,83,60,60,413,71,55,39,73,42,49,47,Untiered
Samurott,95,100,85,108,70,70,528,90,82,75,92,58,63,93,NU
Patrat,45,55,39,35,39,42,255,17,27,9,11,9,25,7,Untiered
Watchog,60,85,69,60,69,77,420,42,67,52,46,55,70,49,PU
Lillipup,45,60,45,25,45,55,275,17,33,18,3,18,41,10,Untiered
Herdier,65,80,65,35,65,60,370,52,60,48,11,50,49,38,Untiered
Stoutland,85,110,90,45,90,80,500,83,89,79,25,83,73,82,PU
Purrloin,41,50,37,50,37,66,281,13,20,8,31,9,59,12,Untiered
Liepard,64,88,50,88,50,106,446,48,70,25,78,26,93,55,NU
Pansage,50,53,48,53,48,64,316,25,24,21,34,21,53,25,Untiered
Simisage,75,98,63,98,63,101,498,71,80,44,86,47,90,80,PU
Pansear,50,53,48,53,48,64,316,25,24,21,34,21,53,25,Untiered
Simisear,75,98,63,98,63,101,498,71,80,44,86,47,90,80,PU
Panpour,50,53,48,53,48,64,316,25,24,21,34,21,53,25,Untiered
Simipour,75,98,63,98,63,101,498,71,80,44,86,47,90,80,PU
Munna,76,25,45,67,55,24,292,74,3,18,58,34,6,14,Untiered
Musharna,116,55,85,107,95,29,487,97,27,75,92,87,8,73,BL4
Pidove,50,55,50,36,30,43,264,25,27,25,12,4,26,8,Untiered
Tranquill,62,77,62,50,42,65,358,47,57,43,31,15,56,36,Untiered
Unfezant,80,115,80,65,55,93,488,78,90,70,54,34,84,73,PU
Blitzle,45,60,32,50,32,76,295,17,33,4,31,5,70,15,Untiered
Zebstrika,75,100,63,80,63,116,497,71,82,44,70,47,96,79,PU
Roggenrola,55,75,85,25,25,15,280,32,55,75,3,1,2,11,Untiered
Boldore,70,105,105,50,40,20,390,61,86,89,31,12,4,41,Untiered
Gigalith,85,135,130,60,80,25,515,83,98,96,46,72,6,88,PU
Woobat,65,45,43,55,43,72,323,52,15,15,38,15,66,27,Untiered
Swoobat,67,57,55,77,55,114,425,56,30,32,68,34,95,51,PU
Drilbur,60,85,40,30,45,68,328,42,67,11,6,18,60,29,Untiered
Excadrill,110,135,60,50,65,88,508,96,98,39,31,50,80,85,OU
Audino (Mega Audino),103,60,126,80,126,50,545,94,33,96,70,98,35,99,Untiered
Audino,103,60,86,60,86,50,445,94,33,77,46,80,35,55,PU
Timburr,75,80,55,25,35,35,305,71,60,32,3,7,16,20,Untiered
Gurdurr,85,105,85,40,50,40,405,83,86,75,17,26,22,44,NU
Conkeldurr,105,140,95,55,65,45,505,95,99,83,38,50,29,84,UU
Tympole,50,50,40,50,40,64,294,25,20,11,31,12,53,15,Untiered
Palpitoad,75,65,55,65,55,69,384,71,41,32,54,34,60,39,Untiered
Seismitoad,105,95,75,85,75,74,509,95,78,63,75,65,67,85,RU
Throh,120,100,85,30,85,45,465,98,82,75,6,78,29,61,BL4
Sawk,75,125,75,30,75,85,465,71,95,63,6,65,77,61,RU
Sewaddle,45,53,70,40,60,42,310,17,24,56,17,42,25,23,Untiered
Swadloon,55,63,90,50,80,42,380,32,37,79,31,72,25,39,Untiered
Leavanny,75,103,80,70,80,92,500,71,85,70,61,72,83,82,PU
Venipede,30,45,59,30,39,57,260,3,15,36,6,9,44,8,Untiered
Whirlipede,40,55,99,40,79,47,360,10,27,85,17,69,31,36,Untiered
Scolipede,60,100,89,55,69,112,485,42,82,77,38,55,95,72,BL
Cottonee,40,27,60,37,50,66,280,10,3,39,13,26,59,11,Untiered
Whimsicott,60,67,85,77,75,116,480,42,45,75,68,65,96,68,UU
Petilil,45,35,50,70,50,30,280,17,7,25,61,26,11,11,Untiered
Lilligant,70,60,75,110,75,90,480,61,33,63,93,65,81,68,NU
Basculin,70,92,65,80,55,98,460,61,75,48,70,34,88,60,PU
Sandile,50,72,35,35,35,65,292,25,51,6,11,7,56,14,Untiered
Krokorok,60,82,45,45,45,74,351,42,64,18,25,18,67,35,PU
Krookodile,95,117,80,65,70,92,519,90,91,70,54,58,83,89,UU
Darumaka,70,90,45,15,45,50,315,61,73,18,1,18,35,24,Untiered
Darumaka (Galarian form),70,90,45,15,45,50,315,61,73,18,1,18,35,24,Untiered
Darmanitan (Zen Mode) (Galarian form),105,160,55,30,55,135,540,95,99,32,6,34,99,98,Untiered
Darmanitan (Standard Mode),105,140,55,30,55,95,480,95,99,32,6,34,86,68,Untiered
Darmanitan (Standard Mode) (Galarian form),105,140,55,30,55,95,480,95,99,32,6,34,86,68,Untiered
Darmanitan (Zen Mode),105,30,105,140,105,55,540,95,5,89,99,92,41,98,Untiered
Maractus,75,86,67,106,67,60,461,71,70,51,92,54,49,61,PU
Dwebble,50,65,85,35,35,55,325,25,41,75,11,7,41,28,Untiered
Crustle,70,105,125,65,75,45,485,61,86,95,54,65,29,72,PU
Scraggy,50,75,70,35,70,48,348,25,55,56,11,58,32,34,Untiered
Scrafty,65,90,115,45,115,58,488,52,73,92,25,96,45,73,RU
Sigilyph,72,58,80,103,80,97,490,66,30,70,89,72,88,75,RU
Yamask (Galarian form),38,55,85,30,65,30,303,6,27,75,6,50,11,19,Untiered
Yamask,38,30,85,55,65,30,303,6,5,75,38,50,11,19,Untiered
Cofagrigus,58,50,145,95,105,30,483,36,20,98,83,92,11,70,RU
Tirtouga,54,78,103,53,45,22,355,30,58,88,34,18,5,36,Untiered
Carracosta,74,108,133,83,65,32,495,67,88,97,73,50,14,78,BL4
Archen,55,112,45,74,45,70,401,32,90,18,64,18,63,42,Untiered
Archeops,75,140,65,112,65,110,567,71,99,48,94,50,94,100,NU
Trubbish,50,50,62,40,62,65,329,25,20,43,17,46,56,29,Untiered
Garbodor,80,95,82,60,82,75,474,78,78,72,46,75,69,64,NU
Zorua,40,65,40,80,40,65,330,10,41,11,70,12,56,30,Untiered
Zoroark,60,105,60,120,60,105,510,42,86,39,96,42,92,86,BL2
Minccino,55,50,40,40,40,75,300,32,20,11,17,12,69,17,Untiered
Cinccino,75,95,60,65,60,115,470,71,78,39,54,42,96,63,RU
Gothita,45,30,50,55,65,45,290,17,5,25,38,50,29,14,Untiered
Gothorita,60,45,70,75,85,55,390,42,15,56,66,78,41,41,Untiered
Gothitelle,70,55,95,95,110,65,490,61,27,83,83,94,56,75,PU
Solosis,45,30,40,105,50,20,290,17,5,11,90,26,4,14,Untiered
Duosion,65,40,50,125,60,30,370,52,11,25,97,42,11,38,PU
Reuniclus,110,65,75,125,85,30,490,96,41,63,97,78,11,75,UU
Ducklett,62,44,50,44,50,55,305,47,13,25,22,26,41,20,Untiered
Swanna,75,87,63,87,63,98,473,71,70,44,77,47,88,64,PU
Vanillite,36,50,50,65,60,44,305,6,20,25,54,42,26,20,Untiered
Vanillish,51,65,65,80,75,59,395,29,41,48,70,65,45,41,Untiered
Vanilluxe,71,95,85,110,95,79,535,65,78,75,93,87,71,96,PU
Deerling,60,60,50,40,50,75,335,42,33,25,17,26,69,31,Untiered
Sawsbuck,80,100,70,60,70,95,475,78,82,56,46,58,86,65,PU
Emolga,55,75,60,75,60,103,428,32,55,39,66,42,91,52,PU
Karrablast,50,75,45,40,45,60,315,25,55,18,17,18,49,24,Untiered
Escavalier,70,135,105,60,105,20,495,61,98,89,46,92,4,78,RU
Foongus,69,55,45,55,55,15,294,57,27,18,38,34,2,15,Untiered
Amoonguss,114,85,70,85,80,30,464,97,67,56,75,72,11,61,OU
Frillish,55,40,50,65,85,40,335,32,11,25,54,78,22,31,Untiered
Jellicent,100,60,70,85,105,60,480,93,33,56,75,92,49,68,RU
Alomomola,165,75,80,40,45,65,470,99,55,70,17,18,56,63,RU
Joltik,50,47,50,57,50,65,319,25,17,25,41,26,56,26,Untiered
Galvantula,70,77,60,97,60,108,472,61,57,39,85,42,93,64,UU
Ferroseed,44,50,91,24,86,10,305,14,20,81,2,80,1,20,NU
Ferrothorn,74,94,131,54,116,20,489,67,76,97,35,96,4,74,OU
Klink,40,55,70,45,60,30,300,10,27,56,25,42,11,17,Untiered
Klang,60,80,95,70,85,50,440,42,60,83,61,78,35,54,PU
Klinklang,60,100,115,70,85,90,520,42,82,92,61,78,81,90,NU
Tynamo,35,55,40,45,40,60,275,5,27,11,25,12,49,10,Untiered
Eelektrik,65,85,70,75,70,40,405,52,67,56,66,58,22,44,Untiered
Eelektross,85,115,80,105,80,50,515,83,90,70,90,72,35,88,RU
Elgyem,55,55,55,85,55,30,335,32,27,32,75,34,11,31,Untiered
Beheeyem,75,75,75,125,95,40,485,71,55,63,97,87,22,72,PU
Litwick,50,30,55,65,55,20,275,25,5,32,54,34,4,10,Untiered
Lampent,60,40,60,95,60,55,370,42,11,39,83,42,41,38,Untiered
Chandelure,60,55,90,145,90,80,520,42,27,79,99,83,73,90,UU
Axew,46,87,60,30,40,57,320,20,70,39,6,12,44,26,Untiered
Fraxure,66,117,70,40,50,67,410,55,91,56,17,26,59,46,PU
Haxorus,76,147,90,60,70,97,540,74,99,79,46,58,88,98,UU
Cubchoo,55,70,40,60,40,40,305,32,48,11,46,12,22,20,Untiered
Beartic,95,130,80,70,80,50,505,90,97,70,61,72,35,84,PU
Cryogonal,80,50,50,95,135,105,515,78,20,25,83,98,92,88,PU
Shelmet,50,40,85,40,65,25,305,25,11,75,17,50,6,20,Untiered
Accelgor,80,70,40,100,60,145,495,78,48,11,88,42,99,78,RU
Stunfisk (Galarian form),109,81,99,66,84,32,471,96,63,85,57,76,14,64,Untiered
Stunfisk,109,66,84,81,99,32,471,96,44,73,72,89,14,64,PU
Mienfoo,45,85,50,55,50,65,350,17,67,25,38,26,56,35,Untiered
Mienshao,65,125,60,95,60,105,510,52,95,39,83,42,92,86,UU
Druddigon,77,120,90,60,90,48,485,74,93,79,46,83,32,72,RU
Golett,59,74,50,35,50,35,303,37,52,25,11,26,16,19,Untiered
Golurk,89,124,80,55,80,55,483,85,94,70,38,72,41,70,NU
Pawniard,45,85,70,40,40,60,340,17,67,56,17,12,49,33,PU
Bisharp,65,125,100,60,70,70,490,52,95,87,46,58,63,75,OU
Bouffalant,95,110,95,40,95,55,490,90,89,83,17,87,41,75,PU
Rufflet,70,83,50,37,50,60,350,61,65,25,13,26,49,35,Untiered
Braviary,100,123,75,57,75,80,510,93,94,63,41,65,73,86,RU
Vullaby,70,55,75,45,65,60,370,61,27,63,25,50,49,38,PU
Mandibuzz,110,65,105,55,95,80,510,96,41,89,38,87,73,86,UU
Heatmor,85,97,66,105,66,65,484,83,80,51,90,54,56,70,PU
Durant,58,109,112,48,48,109,484,36,88,92,27,21,93,70,BL2
Deino,52,65,50,45,50,38,300,29,41,25,25,26,19,17,Untiered
Zweilous,72,85,70,65,70,58,420,66,67,56,54,58,45,49,PU
Larvesta,55,85,55,50,55,60,360,32,67,32,31,34,49,36,Untiered
Volcarona,85,60,65,135,105,100,550,83,33,48,99,92,89,99,BL
Chespin,56,61,65,48,45,38,313,35,36,48,27,18,19,24,Untiered
Quilladin,61,78,95,56,58,57,405,47,58,83,41,38,44,44,PU
Chesnaught,88,107,122,74,75,64,530,85,87,95,64,65,53,94,UU
Fennekin,40,45,40,62,60,60,307,10,15,11,50,42,49,21,Untiered
Braixen,59,59,58,90,70,73,409,37,31,36,79,58,67,45,Untiered
Delphox,75,69,72,114,100,104,534,71,46,61,94,90,91,95,RU
Froakie,41,56,40,62,44,71,314,13,30,11,50,16,66,24,Untiered
Frogadier,54,63,52,83,56,97,405,30,37,29,73,37,88,44,Untiered
Greninja,72,95,67,103,71,122,530,66,78,51,89,62,98,94,Uber
Bunnelby,38,36,38,32,36,57,237,6,8,8,9,8,44,4,Untiered
Diggersby,85,56,77,50,77,78,423,83,30,66,31,68,71,50,BL
Fletchling,45,50,43,40,38,62,278,17,20,15,17,9,52,11,Untiered
Fletchinder,62,73,55,56,52,84,382,47,52,32,41,30,76,39,RU
Talonflame,78,81,71,74,69,126,499,75,63,60,64,55,98,80,OU
Scatterbug,38,35,40,27,25,35,200,6,7,11,4,1,16,2,Untiered
Spewpa,45,22,60,27,30,29,213,17,2,39,4,4,8,3,Untiered
Vivillon,80,52,50,90,50,89,411,78,23,25,79,26,80,47,NU
Litleo,62,50,58,73,54,72,369,47,20,36,64,31,66,38,Untiered
Pyroar,86,68,72,109,66,106,507,85,45,61,92,54,93,85,NU
Flabébé,44,38,39,61,79,42,303,14,9,9,49,69,25,19,Untiered
Floette,54,45,47,75,98,52,371,30,15,20,66,89,39,38,Untiered
Florges,78,65,68,112,154,75,552,75,41,52,94,99,69,99,UU
Skiddo,66,65,48,62,57,52,350,55,41,21,50,38,39,35,Untiered
Gogoat,123,100,62,97,81,68,531,98,82,43,85,75,60,95,PU
Pancham,67,82,62,46,48,43,348,56,64,43,27,21,26,34,Untiered
Pangoro,95,124,78,69,71,58,495,90,94,66,58,62,45,78,BL2
Furfrou,75,80,60,65,90,102,472,71,60,39,54,83,91,64,PU
Espurr,62,48,54,63,60,68,355,47,18,30,51,42,60,36,Untiered
Meowstic,74,48,76,83,81,104,466,67,18,65,73,75,91,62,Untiered
Honedge,45,80,100,35,37,28,325,17,60,87,11,9,7,28,Untiered
Doublade,59,110,150,45,49,35,448,37,89,99,25,22,16,55,UU
Aegislash (Shield Forme),60,50,150,50,150,60,520,42,20,99,31,99,49,90,Untiered
Aegislash (Blade Forme),60,150,50,150,50,60,520,42,99,25,100,26,49,90,Untiered
Spritzee,78,52,60,63,65,23,341,75,23,39,51,50,5,33,Untiered
Aromatisse,101,72,72,99,89,29,462,94,51,61,86,81,8,61,RU
Swirlix,62,48,66,59,57,49,341,47,18,51,42,38,32,33,Untiered
Slurpuff,82,80,86,85,75,72,480,81,60,77,75,65,66,68,BL2
Inkay,53,54,53,37,46,45,288,30,24,29,13,20,29,13,Untiered
Malamar,86,92,88,68,75,73,482,85,75,77,58,65,67,70,NU
Binacle,42,52,67,39,56,50,306,13,23,51,13,37,35,21,Untiered
Barbaracle,72,105,115,54,86,68,500,66,86,92,35,80,60,82,NU
Skrelp,50,60,60,60,60,30,320,25,33,39,46,42,11,26,Untiered
Dragalge,65,75,90,97,123,44,494,52,55,79,85,97,26,77,BL2
Clauncher,50,53,62,58,63,44,330,25,24,43,42,47,26,30,Untiered
Clawitzer,71,73,88,120,89,59,500,65,52,77,96,81,45,82,RU
Helioptile,44,38,33,61,43,70,289,14,9,4,49,15,63,13,Untiered
Heliolisk,62,55,52,109,94,109,481,47,27,29,92,85,93,70,UU
Tyrunt,58,89,77,45,45,48,362,36,70,66,25,18,32,37,Untiered
Tyrantrum,82,121,119,69,59,71,521,81,94,93,58,38,66,91,BL2
Amaura,77,59,50,67,63,46,362,74,31,25,58,47,31,37,Untiered
Aurorus,123,77,72,99,92,58,521,98,57,61,86,85,45,91,NU
Sylveon,95,65,65,110,130,60,525,90,41,48,93,98,49,92,UU
Hawlucha,78,92,75,74,63,118,500,75,75,63,64,47,97,82,BL
Dedenne,67,58,57,81,67,101,431,56,30,35,72,54,90,53,PU
Carbink,50,50,150,50,150,50,500,25,20,99,31,99,35,82,PU
Goomy,45,50,35,55,75,40,300,17,20,6,38,65,22,17,Untiered
Sliggoo,68,75,53,83,113,60,452,57,55,29,73,95,49,56,PU
Klefki,57,80,91,80,87,75,470,35,60,81,70,81,69,63,UU
Phantump,43,70,48,50,60,38,309,14,48,21,31,42,19,22,Untiered
Trevenant,85,110,76,65,82,56,474,83,89,65,54,75,44,64,PU
Pumpkaboo (Small Size),44,66,70,44,55,56,335,14,44,56,22,34,44,31,Untiered
Pumpkaboo (Average Size),49,66,70,44,55,51,335,21,44,56,22,34,39,31,Untiered
Pumpkaboo (Large Size),54,66,70,44,55,46,335,30,44,56,22,34,31,31,Untiered
Pumpkaboo (Super Size),59,66,70,44,55,41,335,37,44,56,22,34,24,31,Untiered
Gourgeist (Small Size),55,85,122,58,75,99,494,32,67,95,42,65,89,77,Untiered
Gourgeist (Average Size),65,90,122,58,75,84,494,52,73,95,42,65,76,77,Untiered
Gourgeist (Large Size),75,95,122,58,75,69,494,71,78,95,42,65,60,77,Untiered
Gourgeist (Super Size),85,100,122,58,75,54,494,83,82,95,42,65,39,77,Untiered
Bergmite,55,69,85,32,35,28,304,32,46,75,9,7,7,19,Untiered
Avalugg,95,117,184,44,46,28,514,90,91,99,22,20,7,87,PU
Noibat,40,30,35,45,40,55,245,10,5,6,25,12,41,6,Untiered
Noivern,85,70,80,97,80,123,535,83,48,70,85,72,98,96,BL2
Zygarde (10% Forme),54,100,71,61,85,115,486,30,82,60,49,78,96,73,Untiered
Rowlet,68,55,55,50,50,42,320,57,27,32,31,26,25,26,Untiered
Dartrix,78,75,75,70,70,52,420,75,55,63,61,58,39,49,Untiered
Decidueye,78,107,75,100,100,70,530,75,87,63,88,90,63,94,Untiered
Litten,45,65,40,60,40,70,320,17,41,11,46,12,63,26,Untiered
Torracat,65,85,50,80,50,90,420,52,67,25,70,26,81,49,Untiered
Incineroar,95,115,90,80,90,60,530,90,90,79,70,83,49,94,Untiered
Popplio,50,54,54,66,56,40,320,25,24,30,57,37,22,26,Untiered
Brionne,60,69,69,91,81,50,420,42,46,52,81,75,35,49,Untiered
Primarina,80,74,74,126,116,60,530,78,52,61,97,96,49,94,Untiered
Pikipek,35,75,30,30,30,65,265,5,55,3,6,4,56,9,Untiered
Trumbeak,55,85,50,40,50,75,355,32,67,25,17,26,69,36,Untiered
Toucannon,80,120,75,75,75,60,485,78,93,63,66,65,49,72,Untiered
Yungoos,48,70,30,30,30,45,253,20,48,3,6,4,29,7,Untiered
Gumshoos,88,110,60,55,60,45,418,85,89,39,38,42,29,48,Untiered
Grubbin,47,62,45,55,45,46,300,20,36,18,38,18,31,17,Untiered
Charjabug,57,82,95,55,75,36,400,35,64,83,38,65,18,42,Untiered
Vikavolt,77,70,90,145,75,43,500,74,48,79,99,65,26,82,Untiered
Crabrawler,47,82,57,42,47,63,338,20,64,35,21,21,52,32,Untiered
Crabominable,97,132,77,62,67,43,478,91,98,66,50,54,26,67,Untiered
Oricorio (Pom-Pom Style),75,70,70,98,70,93,476,71,48,56,86,58,84,67,Untiered
Oricorio (Sensu Style),75,70,70,98,70,93,476,71,48,56,86,58,84,67,Untiered
Oricorio (Baile Style),75,70,70,98,70,93,476,71,48,56,86,58,84,67,Untiered
Oricorio (Pa'u Style),75,70,70,98,70,93,476,71,48,56,86,58,84,67,Untiered
Cutiefly,40,45,40,55,40,84,304,10,15,11,38,12,76,19,Untiered
Ribombee,60,55,60,95,70,124,464,42,27,39,83,58,98,61,Untiered
Rockruff,45,65,40,30,40,60,280,17,41,11,6,12,49,11,Untiered
Lycanroc (Midday Form),75,115,65,55,65,112,487,71,90,48,38,50,95,73,Untiered
Lycanroc (Midnight Form),85,115,75,55,75,82,487,83,90,63,38,65,75,73,Untiered
Wishiwashi,45,20,20,25,25,40,175,17,1,1,3,1,22,1,Untiered
Mareanie,50,53,62,43,52,45,305,25,24,43,22,30,29,20,Untiered
Toxapex,50,63,152,53,142,35,495,25,37,99,34,99,16,78,Untiered
Mudbray,70,100,70,45,55,45,385,61,82,56,25,34,29,40,Untiered
Mudsdale,100,125,100,55,85,35,500,93,95,87,38,78,16,82,Untiered
Dewpider,38,40,52,40,72,27,269,6,11,29,17,62,7,9,Untiered
Araquanid,68,70,92,50,132,42,454,57,48,81,31,98,25,57,Untiered
Fomantis,40,55,35,50,35,35,250,10,27,6,31,7,16,6,Untiered
Lurantis,70,105,90,80,90,45,480,61,86,79,70,83,29,68,Untiered
Morelull,40,35,55,65,75,15,285,10,7,32,54,65,2,12,Untiered
Shiinotic,60,45,80,90,100,30,405,42,15,70,79,90,11,44,Untiered
Salandit,48,44,40,71,40,77,320,20,13,11,63,12,70,26,Untiered
Salazzle,68,64,60,111,60,117,480,57,38,39,94,42,96,68,Untiered
Stufful,70,75,50,45,50,50,340,61,55,25,25,26,35,33,Untiered
Bewear,120,125,80,55,60,60,500,98,95,70,38,42,49,82,Untiered
Bounsweet,42,30,38,30,38,32,210,13,5,8,6,9,14,3,Untiered
Steenee,52,40,48,40,48,62,290,29,11,21,17,21,52,14,Untiered
Tsareena,72,120,98,50,98,72,510,66,93,85,31,89,66,86,Untiered
Comfey,51,52,90,82,110,100,485,29,23,79,73,94,89,72,Untiered
Oranguru,90,60,80,90,110,60,490,87,33,70,79,94,49,75,Untiered
Passimian,100,120,90,40,60,80,490,93,93,79,17,42,73,75,Untiered
Wimpod,25,35,40,20,30,80,230,1,7,11,2,4,73,4,Untiered
Golisopod,75,125,140,60,90,40,530,71,95,98,46,83,22,94,Untiered
Sandygast,55,55,80,70,45,15,320,32,27,70,61,18,2,26,Untiered
Palossand,85,75,110,100,75,35,480,83,55,91,88,65,16,68,Untiered
Pyukumuku,55,60,130,30,130,5,410,32,33,96,6,98,0,46,Untiered
Type: Null,95,95,95,95,95,59,534,90,78,83,83,87,45,95,Untiered
Minior (Core),60,100,60,100,60,120,500,42,82,39,88,42,97,82,Untiered
Minior,60,60,100,60,100,60,440,42,33,87,46,90,49,54,Untiered
Komala,65,115,65,75,95,65,480,52,90,48,66,87,56,68,Untiered
Turtonator,60,78,135,91,85,36,485,42,58,97,81,78,18,72,Untiered
Togedemaru,65,98,63,40,73,96,435,52,80,44,17,62,87,53,Untiered
Mimikyu,55,90,80,50,105,96,476,32,73,70,31,92,87,67,Untiered
Bruxish,68,105,70,70,70,92,475,57,86,56,61,58,83,65,Untiered
Drampa,78,60,85,135,91,36,485,75,33,75,99,85,18,72,Untiered
Dhelmise,70,131,100,86,90,40,517,61,98,87,77,83,22,89,Untiered
Jangmo-o,45,55,65,45,45,45,300,17,27,48,25,18,29,17,Untiered
Hakamo-o,55,75,90,65,70,65,420,32,55,79,54,58,56,49,Untiered
Cosmog,43,29,31,29,31,37,200,14,4,4,5,5,19,2,Untiered
Cosmoem,43,29,131,29,131,37,400,14,4,97,5,98,19,42,Untiered
Poipole,67,73,67,73,67,73,420,56,52,51,64,54,67,49,Untiered
Naganadel,73,73,73,127,73,121,540,67,52,61,98,62,98,98,Untiered
Meltan,46,65,65,55,35,34,300,20,41,48,38,7,14,17,Untiered
Grookey,50,65,50,40,40,65,310,25,41,25,17,12,56,23,Untiered
Thwackey,70,85,70,55,60,80,420,61,67,56,38,42,73,49,Untiered
Rillaboom,100,125,90,60,70,85,530,93,95,79,46,58,77,94,Untiered
Scorbunny,50,71,40,40,40,69,310,25,51,11,17,12,60,23,Untiered
Raboot,65,86,60,55,60,94,420,52,70,39,38,42,84,49,Untiered
Cinderace,80,116,75,65,75,119,530,78,91,63,54,65,97,94,Untiered
Sobble,50,40,40,70,40,70,310,25,11,11,61,12,63,23,Untiered
Drizzile,65,60,55,95,55,90,420,52,33,32,83,34,81,49,Untiered
Inteleon,70,85,65,125,65,120,530,61,67,48,97,50,97,94,Untiered
Skwovet,70,55,55,35,35,25,275,61,27,32,11,7,6,10,Untiered
Greedent,120,95,95,55,75,20,460,98,78,83,38,65,4,60,Untiered
Rookidee,38,47,35,33,35,57,245,6,17,6,9,7,44,6,Untiered
Corvisquire,68,67,55,43,55,77,365,57,45,32,22,34,70,37,Untiered
Corviknight,98,87,105,53,85,67,495,92,70,89,34,78,59,78,Untiered
Blipbug,25,20,20,25,45,45,180,1,1,1,3,18,29,1,Untiered
Dottler,50,35,80,50,90,30,335,25,7,70,31,83,11,31,Untiered
Orbeetle,60,45,110,80,120,90,505,42,15,91,70,97,81,84,Untiered
Nickit,40,28,28,47,52,50,245,10,3,2,27,30,35,6,Untiered
Thievul,70,58,58,87,92,90,455,61,30,36,77,85,81,58,Untiered
Gossifleur,40,40,60,40,60,10,250,10,11,39,17,42,1,6,Untiered
Eldegoss,60,50,90,80,120,60,460,42,20,79,70,97,49,60,Untiered
Wooloo,42,40,55,40,45,48,270,13,11,32,17,18,32,10,Untiered
Dubwool,72,80,100,60,90,88,490,66,60,87,46,83,80,75,Untiered
Chewtle,50,64,50,38,38,44,284,25,38,25,13,9,26,12,Untiered
Drednaw,90,115,90,48,68,74,485,87,90,79,27,54,67,72,Untiered
Yamper,59,45,50,40,50,26,270,37,15,25,17,26,7,10,Untiered
Boltund,69,90,60,90,60,121,490,57,73,39,79,42,98,75,Untiered
Rolycoly,30,40,50,40,50,30,240,3,11,25,17,26,11,5,Untiered
Carkol,80,60,90,60,70,50,410,78,33,79,46,58,35,46,Untiered
Coalossal,110,80,120,80,90,30,510,96,60,94,70,83,11,86,Untiered
Applin,40,40,80,40,40,20,260,10,11,70,17,12,4,8,Untiered
Flapple,70,110,80,95,60,70,485,61,89,70,83,42,63,72,Untiered
Appletun,110,85,80,100,80,30,485,96,67,70,88,72,11,72,Untiered
Silicobra,52,57,75,35,50,46,315,29,30,63,11,26,31,24,Untiered
Sandaconda,72,107,125,65,70,71,510,66,87,95,54,58,66,86,Untiered
Cramorant,70,85,55,85,95,85,475,61,67,32,75,87,77,65,Untiered
Arrokuda,41,63,40,40,30,66,280,13,37,11,17,4,59,11,Untiered
Barraskewda,61,123,60,60,50,136,490,47,94,39,46,26,99,75,Untiered
Toxel,40,38,35,54,35,40,242,10,9,6,35,7,22,5,Untiered
Toxtricity,75,98,70,114,70,75,502,71,80,56,94,58,69,83,Untiered
Sizzlipede,50,65,45,50,50,45,305,25,41,18,31,26,29,20,Untiered
Centiskorch,100,115,65,90,90,65,525,93,90,48,79,83,56,92,Untiered
Clobbopus,50,68,60,50,50,32,310,25,45,39,31,26,14,23,Untiered
Grapploct,80,118,90,70,80,42,480,78,92,79,61,72,25,68,Untiered
Sinistea,40,45,45,74,54,50,308,10,15,18,64,31,35,21,Untiered
Polteageist,60,65,65,134,114,70,508,42,41,48,98,95,63,85,Untiered
Hatenna,42,30,45,56,53,39,265,13,5,18,41,31,19,9,Untiered
Hattrem,57,40,65,86,73,49,370,35,11,48,77,62,32,38,Untiered
Hatterene,57,90,95,136,103,29,510,35,73,83,99,91,8,86,Untiered
Impidimp,45,45,30,55,40,50,265,17,15,3,38,12,35,9,Untiered
Morgrem,65,60,45,75,55,70,370,52,33,18,66,34,63,38,Untiered
Grimmsnarl,95,120,65,95,75,60,510,90,93,48,83,65,49,86,Untiered
Obstagoon,93,90,101,60,81,95,520,89,73,88,46,75,86,90,Untiered
Perrserker,70,110,100,50,60,50,440,61,89,87,31,42,35,54,Untiered
Cursola,60,95,50,145,130,30,510,42,78,25,99,98,11,86,Untiered
Sirfetch'd,62,135,95,68,82,65,507,47,98,83,58,75,56,85,Untiered
Mr. Rime,80,85,75,110,100,70,520,78,67,63,93,90,63,90,Untiered
Runerigus,58,95,145,50,105,30,483,36,78,98,31,92,11,70,Untiered
Milcery,45,40,40,50,61,34,270,17,11,11,31,45,14,10,Untiered
Alcremie,65,60,75,110,121,64,495,52,33,63,93,97,53,78,Untiered
Falinks,65,100,100,70,60,75,470,52,82,87,61,42,69,63,Untiered
Pincurchin,48,101,95,91,85,15,435,20,84,83,81,78,2,53,Untiered
Snom,30,25,35,45,30,20,185,3,3,6,25,4,4,1,Untiered
Frosmoth,70,65,60,125,90,65,475,61,41,39,97,83,56,65,Untiered
Stonjourner,100,125,135,20,20,70,470,93,95,97,2,0,63,63,Untiered
Eiscue (Noice Face),75,80,70,65,50,130,470,71,60,56,54,26,99,63,Untiered
Eiscue (Ice Face),75,80,110,65,90,50,470,71,60,91,54,83,35,63,Untiered
Indeedee (Male),60,65,55,105,95,95,475,42,41,32,90,87,86,65,Untiered
Indeedee (Female),70,55,65,95,105,85,475,61,27,48,83,92,77,65,Untiered
Morpeko,58,95,58,70,58,97,436,36,78,36,61,38,88,53,Untiered
Cufant,72,80,49,40,49,40,330,66,60,22,17,22,22,30,Untiered
Copperajah,122,130,69,80,69,30,500,98,97,52,70,55,11,82,Untiered
Dracozolt,90,100,90,80,70,75,505,87,82,79,70,58,69,84,Untiered
Arctozolt,90,100,90,90,80,55,505,87,82,79,79,72,41,84,Untiered
Dracovish,90,90,100,70,80,75,505,87,73,87,61,72,69,84,Untiered
Arctovish,90,90,100,80,90,55,505,87,73,87,70,83,41,84,Untiered
Duraludon,70,95,115,120,50,85,535,61,78,92,96,26,77,96,Untiered
Dreepy,28,60,30,40,30,82,270,2,33,3,17,4,75,10,Untiered
Drakloak,68,80,50,60,50,102,410,57,60,25,46,26,91,46,Untiered
Kubfu,60,90,60,53,50,72,385,42,73,39,34,26,66,40,Untiered
Urshifu (Single Strike Style),100,130,100,63,60,97,550,93,97,87,51,42,88,99,Untiered
Urshifu (Rapid Strike Style),100,130,100,63,60,97,550,93,97,87,51,42,88,99,Untiered
Baby Edgar,65,30,50,25,40,20,230,52,5,25,3,12,4,4,Untiered
Edgarmon,80,55,70,40,60,45,350,78,27,56,17,42,29,35,Untiered
Edgarnator,120,90,120,60,85,65,540,98,73,94,46,78,56,98,Untiered
Baby Ragnar,35,35,35,40,50,35,230,5,7,6,17,26,16,4,Untiered
Ragnarmon,60,45,50,70,65,60,350,42,15,25,61,50,49,35,Untiered
Ragnarnator,90,80,80,110,80,80,520,87,60,70,93,72,73,90,Untiered
Baby Elsa,35,40,30,40,40,45,230,5,11,3,17,12,29,4,Untiered
Elsamon,50,70,40,70,50,70,350,25,48,11,61,26,63,35,Untiered
Elsanator,75,95,70,100,75,110,525,71,78,56,88,65,94,92,Untiered
JJ,80,85,80,70,65,85,465,78,67,70,61,50,77,61,Untiered
Xerri,90,95,95,75,70,50,475,87,78,83,66,58,35,65,Untiered
Uhrlex,90,75,70,85,100,55,475,87,55,56,75,90,41,65,Untiered
Brother,75,80,75,92,76,72,470,71,60,63,81,68,66,63,Untiered
Jawline,75,65,65,75,80,115,475,71,41,48,66,72,96,65,Untiered
FoodBaby,70,55,65,105,65,82,442,61,27,48,90,50,75,55,Untiered
Tsoukinator,85,85,90,65,90,60,475,83,67,79,54,83,49,65,Untiered
Baby Fen,40,50,40,55,55,60,300,10,20,11,38,34,49,17,Untiered
Fenomon,65,70,70,75,90,120,490,52,48,56,66,83,97,75,Untiered
Baby Vucko,55,60,45,40,35,65,300,32,33,18,17,7,56,17,Untiered
Vuckomon,70,90,65,70,65,125,485,61,73,48,61,50,98,72,Untiered
The Shark,80,95,85,65,70,75,470,78,78,75,54,58,69,63,Untiered
Brotherhive,75,130,65,140,65,94,569,71,97,48,99,50,84,100,Untiered
Fenwrath,80,95,90,105,120,135,625,78,78,79,90,97,99,100,Untiered
CryBaby,70,70,70,95,75,75,455,61,48,56,83,65,69,58,Untiered
FairyBaby,75,65,75,130,95,95,535,71,41,63,98,87,86,96,Untiered
DanceBaby,80,80,80,105,85,105,535,78,60,70,90,78,92,96,Untiered
FrostBaby,75,75,85,120,90,65,510,71,55,75,96,83,56,86,Untiered
Haydos,75,115,85,60,65,52,452,71,90,75,46,50,39,56,Untiered
Carley,78,60,70,95,110,57,470,75,33,56,83,94,44,63,Untiered
Anna,60,60,60,80,90,80,430,42,33,39,70,83,73,52,Untiered
Ann,65,90,65,50,60,120,450,52,73,48,31,42,97,56,Untiered
EDGARMON - (Chonk Form),120,55,100,40,100,20,435,98,27,87,17,90,4,53,Untiered
UHRLEX - (Nier Form),80,100,65,90,70,95,500,78,82,48,79,58,86,82,Untiered
BRELOOM - (Moss Form),65,55,90,130,80,65,485,52,27,79,98,72,56,72,Untiered
CARRACOSTA - (Moss Form),80,95,140,80,80,30,505,78,78,98,70,72,11,84,Untiered
CROAGUNK - (Moss Form),50,50,60,70,50,30,310,25,20,39,61,26,11,23,Untiered
GEODUDE - (Moss Form),45,75,85,50,50,10,315,17,55,75,31,26,1,24,Untiered
GOLEM - (Moss Form),80,105,115,80,95,35,510,78,86,92,70,87,16,86,Untiered
GRAVELER - (Moss Form),60,90,100,67,67,26,410,42,73,87,58,54,7,46,Untiered
MACHAMP - (Moss Form),90,120,95,95,85,50,535,87,93,83,83,78,35,96,Untiered
MACHOKE - (Moss Form),80,95,80,65,70,40,430,78,78,70,54,58,22,52,Untiered
MACHOP - (Moss Form),70,70,60,50,50,20,320,61,48,39,31,26,4,26,Untiered
MAGNEMITE - (Moss Form),55,25,70,85,50,35,320,32,3,56,75,26,16,26,Untiered
MAGNETON - (Moss Form),70,45,105,105,80,50,455,61,15,89,90,72,35,58,Untiered
MAGNEZONE - (Moss Form),85,55,120,120,100,55,535,83,27,94,96,90,41,96,Untiered
MIGHTYENA - (Moss Form),80,80,80,80,80,60,460,78,60,70,70,72,49,60,Untiered
PARAS - (Moss Form),60,70,65,60,60,15,330,42,48,48,46,42,2,30,Untiered
PARASECT - (Moss Form),85,105,85,80,95,30,480,83,86,75,70,87,11,68,Untiered
POOCHYENA - (Moss Form),40,50,45,50,50,30,265,10,20,18,31,26,11,9,Untiered
SHROOMISH - (Moss Form),60,20,70,65,65,20,300,42,1,56,54,50,4,17,Untiered
SHUCKLE - (Moss Form),NA,NA,NA,NA,NA,NA,0,100,100,100,100,100,100,0,Untiered
TIRTOUGA - (Moss Form),60,65,110,65,60,18,378,42,41,91,54,42,2,39,Untiered
TOXICROAK - (Moss Form),90,75,80,102,80,53,480,87,55,70,89,72,39,68,Untiered
TOTODILE - (Charged Form),NA,NA,NA,NA,NA,NA,0,100,100,100,100,100,100,0,Untiered
CROCONAW - (Charged Form),NA,NA,NA,NA,NA,NA,0,100,100,100,100,100,100,0,Untiered
FERALIGATR - (Charged Form),NA,NA,NA,NA,NA,NA,0,100,100,100,100,100,100,0,Untiered
TSOUKINATOR - (Tech Form),85,80,90,110,140,35,540,83,60,79,93,99,16,98,Untiered
